#EXAMPLE OF HEADER COMMENTS,,,,,,,,,,,,,,,,,,,,
10,35.177966,-111.65683,2124.43,,,,,,,,,,,,,,,,,
7,4,148520230,1.69E+09,1.69E+09,55.8747,131.426,33,1,56.205,1.59E-09,1,1,35.178,-111.657,8.18,0.443838,-1.32857,-129.857,0,0
7,4,148520230,1.69E+09,1.69E+09,56.3147,145.44,33,2,56.205,1.59E-09,1,1,35.178,-111.657,8.178,0.595755,-0.438427,-129.2,0,0
7,4,148520230,1.69E+09,1.69E+09,56.4071,148.567,33,3,56.205,1.59E-09,1,1,35.178,-111.657,8.179,0.183023,0.00616542,-129.571,0,0
7,4,148520230,1.69E+09,1.69E+09,39.6569,8.17573,34,2,47.9978,4.14E-09,1,1,35.178,-111.657,8.187,0.886248,-0.20717,-59.4406,0,0
7,4,148520230,1.69E+09,1.69E+09,40.8571,10.7779,34,3,47.9978,4.14E-09,1,1,35.178,-111.657,8.226,2.09888,-0.89622,37.1838,0,0
7,4,148520230,1.69E+09,1.69E+09,8.36099,0.273681,35,1,34.7065,1.63E-07,1,1,35.178,-111.657,8.204,0.321228,-1.57302,121.862,0,0
7,4,148520230,1.69E+09,1.69E+09,36.2631,147.377,35,2,34.7065,1.63E-07,1,1,35.178,-111.657,8.229,0.570476,-1.15602,-179.449,0,0
7,4,148520230,1.69E+09,1.69E+09,36.6561,161.332,35,3,34.7065,1.63E-07,1,1,35.178,-111.657,8.179,0.526307,-0.673243,-133.504,0,0
7,4,148520230,1.69E+09,1.69E+09,37.5192,88.9967,36,1,37.4352,7.37E-08,1,1,35.178,-111.657,8.18,-0.13385,-0.0856738,-110.154,0,0
7,4,148520230,1.69E+09,1.69E+09,37.1198,81.1788,36,2,37.4352,7.37E-08,1,1,35.178,-111.657,8.171,0.809057,-0.642284,-112.718,0,0
7,4,148520230,1.69E+09,1.69E+09,37.6492,91.6997,36,3,37.4352,7.37E-08,1,1,35.178,-111.657,8.156,0.285008,-1.48401,-112.797,0,0
7,4,148520230,1.69E+09,1.69E+09,43.6683,97.7962,37,1,43.5562,1.97E-08,1,1,35.178,-111.657,8.153,0.280859,-1.26028,-113.306,0,0
7,4,148520230,1.69E+09,1.69E+09,43.5525,95.2232,37,2,43.5562,1.97E-08,1,1,35.178,-111.657,8.192,0.524735,-0.772549,-112.756,0,0
7,4,148520230,1.69E+09,1.69E+09,43.4449,92.8938,37,3,43.5562,1.97E-08,1,1,35.178,-111.657,8.191,0.526647,-1.21744,-112.575,0,0
7,4,148520230,1.69E+09,1.69E+09,38.4214,102.236,38,1,38.4297,6.88E-08,1,1,35.178,-111.657,8.201,0.555755,-1.54319,-112.932,0,0
7,4,148520230,1.69E+09,1.69E+09,38.6245,107.131,38,2,38.4297,6.88E-08,1,1,35.178,-111.657,8.177,0.762833,-1.24236,-113.619,0,0
7,4,148520230,1.69E+09,1.69E+09,38.2346,97.9327,38,3,38.4297,6.88E-08,1,1,35.178,-111.657,8.202,1.17303,-1.5614,-112.185,0,0
7,4,148520230,1.69E+09,1.69E+09,37.9746,13.2153,39,1,38.8085,9.85E-09,1,1,35.178,-111.657,8.23,0.560391,-1.24603,-86.2275,0,0
7,4,148520230,1.69E+09,1.69E+09,39.0706,17.0081,39,2,38.8085,9.85E-09,1,1,35.178,-111.657,8.178,0.430975,-0.274794,-87.7087,0,0
7,4,148520230,1.69E+09,1.69E+09,39.2714,17.8131,39,3,38.8085,9.85E-09,1,1,35.178,-111.657,8.153,0.56537,-0.469472,-87.4694,0,0
7,4,148520230,1.69E+09,1.69E+09,39.2143,19.9685,40,2,38.914,1.12E-08,1,1,35.178,-111.657,8.162,0.380252,-0.846317,-88.5725,0,0
7,4,148520230,1.69E+09,1.69E+09,38.7971,18.1401,40,3,38.914,1.12E-08,1,1,35.178,-111.657,8.173,0.847903,-0.298324,-88.8821,0,0
7,4,148520230,1.69E+09,1.69E+09,35.6778,24.1401,41,1,36.4527,3.05E-08,1,1,35.178,-111.657,8.193,0.334426,-0.244276,-89.5965,0,0
7,4,148520230,1.69E+09,1.69E+09,36.4022,28.5206,41,2,36.4527,3.05E-08,1,1,35.178,-111.657,8.202,0.832334,-0.419641,-90.1944,0,0
7,4,148520230,1.69E+09,1.69E+09,37.1529,33.901,41,3,36.4527,3.05E-08,1,1,35.178,-111.657,8.22,0.30642,-0.368245,-90.2064,0,0
7,4,148520230,1.69E+09,1.69E+09,37.6921,37.7278,42,1,38.2671,3.00E-08,1,1,35.178,-111.657,8.209,0.342672,0.0704774,-90.5343,0,0
7,4,148520230,1.69E+09,1.69E+09,37.9731,40.2489,42,2,38.2671,3.00E-08,1,1,35.178,-111.657,8.183,0.186808,-0.173106,-90.3269,0,0
7,4,148520230,1.69E+09,1.69E+09,39.0206,51.2259,42,3,38.2671,3.00E-08,1,1,35.178,-111.657,8.182,0.117258,0.0915189,-90.2727,0,0
7,4,148520230,1.69E+09,1.69E+09,41.8998,51.9522,43,1,38.5416,1.57E-08,1,1,35.178,-111.657,8.17,0.488357,-0.318223,-90.8195,0,0
7,4,148520230,1.69E+09,1.69E+09,-9999,0.00190653,43,2,38.5416,8.92E-09,1,1,35.178,-111.657,8.177,0.805276,-0.499983,-91.1577,0,0
7,4,148520230,1.69E+09,1.69E+09,37.749,19.9785,43,3,38.5416,1.57E-08,1,1,35.178,-111.657,8.145,0.226392,0.144617,-65.0908,0,0
7,2,148521974,1.69E+09,1.69E+09,20.2471,0.021253,35,1,20.7069,9.31E-10,1,1,35.178,-111.657,8.175,1.31601,0.188797,-67.8868,0,0
7,2,148521974,1.69E+09,1.69E+09,21.4447,0.027938,35,2,20.7069,9.31E-10,1,1,35.178,-111.657,8.207,0.42623,0.3954,-67.454,0,0
7,2,148521974,1.69E+09,1.69E+09,20.3226,0.0216222,35,3,20.7069,9.31E-10,1,1,35.178,-111.657,8.201,0.468505,0.176097,-68.3295,0,0
7,4,148520230,1.69E+09,1.69E+09,48.3084,21.9218,44,1,48.6041,1.51E-09,1,1,35.178,-111.657,8.175,1.31601,0.188797,-67.8868,0,0
7,4,148520230,1.69E+09,1.69E+09,49.0282,25.8731,44,2,48.6041,1.51E-09,1,1,35.178,-111.657,8.207,0.42623,0.3954,-67.454,0,0
7,4,148520230,1.69E+09,1.69E+09,48.4416,22.6046,44,3,48.6041,1.51E-09,1,1,35.178,-111.657,8.201,0.468505,0.176097,-68.3295,0,0
7,4,148520230,1.69E+09,1.69E+09,48.7278,22.8397,45,1,49.2561,1.43E-09,1,1,35.178,-111.657,8.205,0.642846,-0.23042,-68.1064,0,0
7,4,148520230,1.69E+09,1.69E+09,49.4483,26.9616,45,2,49.2561,1.43E-09,1,1,35.178,-111.657,8.19,0.818042,-0.156703,-67.5428,0,0
7,4,148520230,1.69E+09,1.69E+09,49.5472,27.5824,45,3,49.2561,1.43E-09,1,1,35.178,-111.657,8.184,0.495969,-0.0160359,-67.58,0,0
7,4,148520230,1.69E+09,1.69E+09,41.8315,30.7939,46,1,41.854,9.45E-09,1,1,35.178,-111.657,8.211,0.606197,-0.473196,-68.4545,0,0
7,4,148520230,1.69E+09,1.69E+09,41.7846,30.4634,46,2,41.854,9.45E-09,1,1,35.178,-111.657,8.209,0.558823,-0.196037,-68.3864,0,0
7,4,148520230,1.69E+09,1.69E+09,41.9444,31.6052,46,3,41.854,9.45E-09,1,1,35.178,-111.657,8.213,1.00464,-0.399122,-68.7081,0,0
7,4,148520230,1.69E+09,1.69E+09,37.853,32.3946,47,2,37.6678,2.48E-08,1,1,35.178,-111.657,8.185,1.05037,-0.106363,-70.1564,0,0
7,4,148520230,1.69E+09,1.69E+09,37.3943,29.1478,47,3,37.6678,2.48E-08,1,1,35.178,-111.657,8.217,0.83476,-0.350423,-69.9631,0,0
7,4,148520230,1.69E+09,1.69E+09,38.7489,9.29411,48,1,38.1762,5.80E-09,1,1,35.178,-111.657,8.191,1.07932,0.828649,-46.7381,0,0
7,4,148520230,1.69E+09,1.69E+09,38.2987,8.37896,48,2,38.1762,5.80E-09,1,1,35.178,-111.657,8.218,1.06043,0.671258,-45.8006,0,0
7,4,148520230,1.69E+09,1.69E+09,37.3692,6.76489,48,3,38.1762,5.80E-09,1,1,35.178,-111.657,8.187,1.14685,0.277626,-44.2207,0,0
7,4,148520230,1.69E+09,1.69E+09,38.9434,8.16963,49,1,37.0374,4.87E-09,1,1,35.178,-111.657,8.16,2.03718,0.462666,-45.1246,0,0
7,4,148520230,1.69E+09,1.69E+09,30.1824,1.08758,49,2,37.0374,4.87E-09,1,1,35.178,-111.657,8.169,0.36815,1.243,-42.132,0,0
7,4,148520230,1.69E+09,1.69E+09,37.9813,6.54638,49,3,37.0374,4.87E-09,1,1,35.178,-111.657,8.148,1.38401,0.398801,-44.0842,0,0
7,4,148520230,1.69E+09,1.69E+09,42.3205,5.352,50,1,41.1659,1.47E-09,1,1,35.178,-111.657,8.118,1.61365,0.939132,-43.4826,0,0
7,4,148520230,1.69E+09,1.69E+09,42.0819,5.06599,50,2,41.1659,1.47E-09,1,1,35.178,-111.657,8.129,1.50666,0.208373,-44.8452,0,0
7,4,148520230,1.69E+09,1.69E+09,37.7994,1.88996,50,3,41.1659,1.47E-09,1,1,35.178,-111.657,8.166,0.681405,0.0168305,-43.8884,0,0
7,4,148520230,1.69E+09,1.69E+09,37.0238,1.59763,51,1,37.2748,1.48E-09,1,1,35.178,-111.657,8.232,0.753962,0.438914,-44.9228,0,0
7,4,148520230,1.69E+09,1.69E+09,35.8855,1.22933,51,2,37.2748,1.48E-09,1,1,35.178,-111.657,8.227,1.1682,0.609034,-43.6604,0,0
7,4,148520230,1.69E+09,1.69E+09,38.5132,2.25105,51,3,37.2748,1.48E-09,1,1,35.178,-111.657,8.227,1.06252,0.492022,-44.6379,0,0
7,4,148520230,1.69E+09,1.69E+09,37.0706,1.85625,52,1,35.4996,1.70E-09,1,1,35.178,-111.657,8.209,0.886705,-0.168737,-42.9914,0,0
7,4,148520230,1.69E+09,1.69E+09,25.2195,0.121548,52,2,35.4996,1.70E-09,1,1,35.178,-111.657,8.197,1.4928,-0.651554,-17.8221,0,0
7,4,148520230,1.69E+09,1.69E+09,37.174,1.90094,52,3,35.4996,1.70E-09,1,1,35.178,-111.657,8.165,1.19,-0.153342,-22.5782,0,0
7,4,148520230,1.69E+09,1.69E+09,40.2164,3.46478,53,1,39.9863,1.54E-09,1,1,35.178,-111.657,8.147,1.04752,-0.0213931,-22.8092,0,0
7,4,148520230,1.69E+09,1.69E+09,39.3844,2.86073,53,2,39.9863,1.54E-09,1,1,35.178,-111.657,8.175,1.93776,-0.276049,-22.5849,0,0
7,4,148520230,1.69E+09,1.69E+09,40.3005,3.53249,53,3,39.9863,1.54E-09,1,1,35.178,-111.657,8.203,2.02869,-0.0759709,-22.3834,0,0
7,4,148520230,1.69E+09,1.69E+09,40.124,3.6026,54,2,40.2631,1.64E-09,1,1,35.178,-111.657,8.199,1.58465,-0.284526,-22.3766,0,0
7,4,148520230,1.69E+09,1.69E+09,40.7292,4.14129,54,3,40.2631,1.64E-09,1,1,35.178,-111.657,8.196,1.36477,0.00428328,-22.5791,0,0
7,4,148520230,1.69E+09,1.69E+09,41.2974,4.56405,55,1,40.7943,1.58E-09,1,1,35.178,-111.657,8.203,1.01256,0.0292413,-22.6068,0,0
7,4,148520230,1.69E+09,1.69E+09,39.8157,3.24485,55,2,40.7943,1.58E-09,1,1,35.178,-111.657,8.22,1.88415,-0.102861,-22.2542,0,0
7,4,148520230,1.69E+09,1.69E+09,41.1242,4.38565,55,3,40.7943,1.58E-09,1,1,35.178,-111.657,8.202,1.1659,0.313431,-24.8703,0,0
7,4,148520230,1.69E+09,1.69E+09,42.6879,6.61924,56,1,42.1965,1.67E-09,1,1,35.178,-111.657,8.219,1.27753,0.930203,-22.2672,0,0
7,4,148520230,1.69E+09,1.69E+09,40.4715,3.97357,56,2,42.1965,1.67E-09,1,1,35.178,-111.657,8.237,1.25664,0.606766,-21.9896,0,0
7,4,148520230,1.69E+09,1.69E+09,43.0171,7.14036,56,3,42.1965,1.67E-09,1,1,35.178,-111.657,8.213,1.87105,0.575327,1.29954,0,0
7,4,148520230,1.69E+09,1.69E+09,37.8423,6.02494,57,1,38.915,4.63E-09,1,1,35.178,-111.657,8.166,1.63665,-0.145483,0.404636,0,0
7,4,148520230,1.69E+09,1.69E+09,39.1096,8.06612,57,2,38.915,4.63E-09,1,1,35.178,-111.657,8.17,2.0451,0.296798,0.0705133,0,0
7,4,148520230,1.69E+09,1.69E+09,39.6081,9.04696,57,3,38.915,4.63E-09,1,1,35.178,-111.657,8.157,1.94136,-0.509602,-0.0634328,0,0
7,4,148520230,1.69E+09,1.69E+09,35.9576,11.5973,58,1,36.241,1.38E-08,1,1,35.178,-111.657,8.166,1.37109,-0.304121,-0.621531,0,0
7,4,148520230,1.69E+09,1.69E+09,36.3508,12.6958,58,2,36.241,1.38E-08,1,1,35.178,-111.657,8.174,1.44903,-0.221743,-0.435833,0,0
7,4,148520230,1.69E+09,1.69E+09,36.4012,12.8442,58,3,36.241,1.38E-08,1,1,35.178,-111.657,8.186,1.18695,-0.100465,-0.0751849,0,0
7,4,148520230,1.69E+09,1.69E+09,37.41,14.5833,59,1,38.1848,1.24E-08,1,1,35.178,-111.657,8.2,1.5857,-0.0804523,0.2,0,0
7,4,148520230,1.69E+09,1.69E+09,38.1615,17.3379,59,2,38.1848,1.24E-08,1,1,35.178,-111.657,8.223,0.450211,0.262398,0.837451,0,0
7,4,148520230,1.69E+09,1.69E+09,38.8621,20.3728,59,3,38.1848,1.24E-08,1,1,35.178,-111.657,8.229,1.11159,0.524563,0.0775536,0,0
7,4,148520230,1.69E+09,1.69E+09,39.1089,19.7825,60,2,39.0396,1.14E-08,1,1,35.178,-111.657,8.241,1.23017,0.484435,0.487468,0,0
7,4,148520230,1.69E+09,1.69E+09,38.7531,18.2265,60,3,39.0396,1.14E-08,1,1,35.178,-111.657,8.188,0.642661,0.996228,-0.438719,0,0
7,4,148520230,1.69E+09,1.69E+09,38.6693,19.6273,61,1,37.9131,1.25E-08,1,1,35.178,-111.657,8.16,0.74734,1.09451,0.297375,0,0
7,4,148520230,1.69E+09,1.69E+09,37.5353,15.1177,61,2,37.9131,1.25E-08,1,1,35.178,-111.657,8.154,1.91013,-0.169996,25.4043,0,0
7,4,148520230,1.69E+09,1.69E+09,37.4221,14.7285,61,3,37.9131,1.25E-08,1,1,35.178,-111.657,8.207,1.3262,0.81135,22.6267,0,0
7,4,148520230,1.69E+09,1.69E+09,46.2797,13.6928,62,1,46.3632,1.51E-09,1,1,35.178,-111.657,8.233,0.541559,0.202799,24.8303,0,0
7,4,148520230,1.69E+09,1.69E+09,46.0468,12.9778,62,2,46.3632,1.51E-09,1,1,35.178,-111.657,8.212,2.71014,-1.6034,22.4099,0,0
7,4,148520230,1.69E+09,1.69E+09,46.7347,15.2051,62,3,46.3632,1.51E-09,1,1,35.178,-111.657,8.203,2.25076,-1.2068,20.674,0,0
7,4,148520230,1.69E+09,1.69E+09,36.3584,15.8913,63,1,35.967,1.72E-08,1,1,35.178,-111.657,8.173,0.390457,0.159953,22.7424,0,0
7,4,148520230,1.69E+09,1.69E+09,36.0755,14.8894,63,2,35.967,1.72E-08,1,1,35.178,-111.657,8.187,1.24839,-0.512793,24.7657,0,0
7,4,148520230,1.69E+09,1.69E+09,35.4139,12.7859,63,3,35.967,1.72E-08,1,1,35.178,-111.657,8.209,1.27937,-1.30509,21.253,0,0
7,2,148524605,1.69E+09,1.69E+09,-9999,0.000499397,52,1,13.101,2.34E-09,1,1,35.178,-111.657,8.222,0.210301,-1.35384,22.7308,0,0
7,4,148520230,1.69E+09,1.69E+09,46.8488,14.3996,64,1,46.9024,1.39E-09,1,1,35.178,-111.657,8.173,1.01106,-1.09595,20.2672,0,0
7,4,148520230,1.69E+09,1.69E+09,46.6193,13.6587,64,2,46.9024,1.39E-09,1,1,35.178,-111.657,8.176,1.84333,-1.47562,21.9961,0,0
7,4,148520230,1.69E+09,1.69E+09,47.2181,15.6778,64,3,46.9024,1.39E-09,1,1,35.178,-111.657,8.183,1.15554,-0.923198,21.718,0,0
7,4,148520230,1.69E+09,1.69E+09,41.1152,15.6845,65,1,40.6803,5.68E-09,1,1,35.178,-111.657,8.172,1.72446,-0.579668,22.0136,0,0
7,4,148520230,1.69E+09,1.69E+09,40.991,15.2421,65,2,40.6803,5.68E-09,1,1,35.178,-111.657,8.162,1.17184,-0.503233,22.8173,0,0
7,4,148520230,1.69E+09,1.69E+09,39.821,11.6429,65,3,40.6803,5.68E-09,1,1,35.178,-111.657,8.187,2.11728,-1.08452,47.0919,0,0
7,4,148520230,1.69E+09,1.69E+09,45.4989,11.9669,66,1,45.2722,1.58E-09,1,1,35.178,-111.657,8.183,2.03226,-1.14677,44.3527,0,0
7,4,148520230,1.69E+09,1.69E+09,44.6825,9.91637,66,2,45.2722,1.58E-09,1,1,35.178,-111.657,8.198,1.8589,-1.20296,45.4294,0,0
7,4,148520230,1.69E+09,1.69E+09,45.5797,12.1918,66,3,45.2722,1.58E-09,1,1,35.178,-111.657,8.199,1.88248,-1.88455,45.4797,0,0
7,4,148520230,1.69E+09,1.69E+09,38.0319,12.3046,67,1,37.737,9.06E-09,1,1,35.178,-111.657,8.216,2.4492,-1.00406,45.5004,0,0
7,4,148520230,1.69E+09,1.69E+09,37.8856,11.897,67,2,37.737,9.06E-09,1,1,35.178,-111.657,8.243,1.42343,-1.384,44.4601,0,0
7,4,148520230,1.69E+09,1.69E+09,37.2547,10.2885,67,3,37.737,9.06E-09,1,1,35.178,-111.657,8.224,2.06431,-1.18878,44.6674,0,0
7,4,148520230,1.69E+09,1.69E+09,44.0441,8.10634,68,2,44.3488,1.49E-09,1,1,35.178,-111.657,8.228,1.48335,-0.759646,44.1802,0,0
7,4,148520230,1.69E+09,1.69E+09,43.8096,7.68023,68,3,44.3488,1.49E-09,1,1,35.178,-111.657,8.169,1.4835,-0.980731,46.7636,0,0
7,4,148520230,1.69E+09,1.69E+09,40.4791,8.86614,69,1,40.3375,3.71E-09,1,1,35.178,-111.657,8.142,1.08102,-1.15478,45.4796,0,0
7,4,148520230,1.69E+09,1.69E+09,40.6641,9.25197,69,2,40.3375,3.71E-09,1,1,35.178,-111.657,8.128,1.41779,-0.769253,43.9353,0,0
7,4,148520230,1.69E+09,1.69E+09,39.8253,7.6272,69,3,40.3375,3.71E-09,1,1,35.178,-111.657,8.211,1.11601,-0.463594,45.8068,0,0
7,4,148520230,1.69E+09,1.69E+09,43.3607,6.79718,70,1,42.8729,1.47E-09,1,1,35.178,-111.657,8.238,2.02759,-0.737596,69.963,0,0
7,4,148520230,1.69E+09,1.69E+09,42.4254,5.48023,70,2,42.8729,1.47E-09,1,1,35.178,-111.657,8.221,0.765805,1.09554,67.562,0,0
7,4,148520230,1.69E+09,1.69E+09,42.7808,5.94761,70,3,42.8729,1.47E-09,1,1,35.178,-111.657,8.173,2.10211,-0.314123,69.5325,0,0
7,4,148520230,1.69E+09,1.69E+09,43.1185,6.40688,71,1,43.5194,1.46E-09,1,1,35.178,-111.657,8.171,1.90837,-0.83268,67.6421,0,0
7,4,148520230,1.69E+09,1.69E+09,43.6861,7.30135,71,2,43.5194,1.46E-09,1,1,35.178,-111.657,8.149,1.40966,-0.416507,68.1227,0,0
7,4,148520230,1.69E+09,1.69E+09,43.7272,7.37071,71,3,43.5194,1.46E-09,1,1,35.178,-111.657,8.166,2.06291,-1.12526,67.3409,0,0
7,4,148520230,1.69E+09,1.69E+09,42.8598,7.16781,72,1,42.7828,1.74E-09,1,1,35.178,-111.657,8.171,3.0249,-0.61823,67.3134,0,0
7,4,148520230,1.69E+09,1.69E+09,42.7731,7.02617,72,2,42.7828,1.74E-09,1,1,35.178,-111.657,8.195,2.99502,0.529237,67.7132,0,0
7,4,148520230,1.69E+09,1.69E+09,42.7141,6.93139,72,3,42.7828,1.74E-09,1,1,35.178,-111.657,8.234,2.72364,0.106784,67.2723,0,0
7,4,148520230,1.69E+09,1.69E+09,42.7876,6.62074,73,1,42.5723,1.63E-09,1,1,35.178,-111.657,8.296,3.39681,-1.09467,67.6931,0,0
7,4,148520230,1.69E+09,1.69E+09,42.5486,6.26628,73,2,42.5723,1.63E-09,1,1,35.178,-111.657,8.266,3.03002,-0.134349,67.2497,0,0
7,4,148520230,1.69E+09,1.69E+09,42.3704,6.01432,73,3,42.5723,1.63E-09,1,1,35.178,-111.657,8.241,2.52937,-0.121316,67.0448,0,0
7,4,148520230,1.69E+09,1.69E+09,36.5249,2.99056,74,1,35.0911,3.11E-09,1,1,35.178,-111.657,8.186,0.319732,-3.54608,77.1487,0,0
7,4,148520230,1.69E+09,1.69E+09,33.2119,1.39496,74,2,35.0911,3.11E-09,1,1,35.178,-111.657,8.11,1.66021,-2.32537,90.5935,0,0
7,4,148520230,1.69E+09,1.69E+09,34.9141,2.06401,74,3,35.0911,3.11E-09,1,1,35.178,-111.657,8.096,2.78411,-1.21565,89.6893,0,0
7,4,148520230,1.69E+09,1.69E+09,37.1096,2.6445,75,2,36.8244,2.41E-09,1,1,35.178,-111.657,8.113,1.86109,-1.19015,89.6295,0,0
7,4,148520230,1.69E+09,1.69E+09,37.2503,2.73154,75,3,36.8244,2.41E-09,1,1,35.178,-111.657,8.228,2.44337,-1.1608,90.5426,0,0
7,4,148520230,1.69E+09,1.69E+09,36.9238,1.56122,76,1,36.1793,1.48E-09,1,1,35.178,-111.657,8.278,2.13768,-2.04089,90.417,0,0
7,4,148520230,1.69E+09,1.69E+09,35.6483,1.16398,76,2,36.1793,1.48E-09,1,1,35.178,-111.657,8.276,1.13368,-1.49664,91.4117,0,0
7,4,148520230,1.69E+09,1.69E+09,35.8552,1.22076,76,3,36.1793,1.48E-09,1,1,35.178,-111.657,8.158,0.729582,-0.577143,91.777,0,0
7,4,148520230,1.69E+09,1.69E+09,36.2699,1.33673,77,1,36.881,1.48E-09,1,1,35.178,-111.657,8.167,0.206372,-0.501196,91.4475,0,0
7,4,148520230,1.69E+09,1.69E+09,37.0234,1.58992,77,2,36.881,1.48E-09,1,1,35.178,-111.657,8.126,0.0094295,-0.152066,91.5099,0,0
7,4,148520230,1.69E+09,1.69E+09,37.2865,1.6892,77,3,36.881,1.48E-09,1,1,35.178,-111.657,8.175,1.64275,-0.951271,91.9761,0,0
7,4,148520230,1.69E+09,1.69E+09,37.7072,1.87841,78,1,36.7832,1.49E-09,1,1,35.178,-111.657,8.148,2.16868,-0.798264,89.5881,0,0
7,4,148520230,1.69E+09,1.69E+09,37.4183,1.75754,78,2,36.7832,1.49E-09,1,1,35.178,-111.657,8.168,0.0935364,-1.26993,88.2887,0,0
7,4,148520230,1.69E+09,1.69E+09,34.6037,0.919431,78,3,36.7832,1.49E-09,1,1,35.178,-111.657,8.201,0.695368,-1.07404,97.7731,0,0
7,4,148520230,1.69E+09,1.69E+09,35.3992,1.03433,79,1,35.7955,1.40E-09,1,1,35.178,-111.657,8.175,1.1184,-0.775764,111.551,0,0
7,4,148520230,1.69E+09,1.69E+09,36.2585,1.26055,79,2,35.7955,1.40E-09,1,1,35.178,-111.657,8.201,1.47745,-0.856606,112.579,0,0
7,4,148520230,1.69E+09,1.69E+09,35.6842,1.10446,79,3,35.7955,1.40E-09,1,1,35.178,-111.657,8.174,1.33456,-1.2481,111.977,0,0
7,4,148520230,1.69E+09,1.69E+09,35.0111,1.65995,80,1,34.5304,2.45E-09,1,1,35.178,-111.657,8.167,2.42415,-1.16772,111.76,0,0
7,4,148520230,1.69E+09,1.69E+09,33.7044,1.22879,80,2,34.5304,2.45E-09,1,1,35.178,-111.657,8.154,1.65616,-0.703791,111.938,0,0
7,4,148520230,1.69E+09,1.69E+09,34.7678,1.56954,80,3,34.5304,2.45E-09,1,1,35.178,-111.657,8.218,2.11263,-1.39508,111.309,0,0
7,4,148520230,1.69E+09,1.69E+09,32.8667,1.10672,81,2,33.2814,2.67E-09,1,1,35.178,-111.657,8.244,2.37719,-2.23726,111.831,0,0
7,4,148520230,1.69E+09,1.69E+09,32.364,0.985828,81,3,33.2814,2.67E-09,1,1,35.178,-111.657,8.196,2.66383,-1.77146,111.736,0,0
7,4,148520230,1.69E+09,1.69E+09,42.8548,7.1575,84,1,43.4682,1.74E-09,1,1,35.178,-111.657,8.145,0.973658,-1.15394,134.93,0,0
7,4,148520230,1.69E+09,1.69E+09,43.676,8.64717,84,2,43.4682,1.74E-09,1,1,35.178,-111.657,8.176,0.62634,0.0356024,137.304,0,0
7,4,148520230,1.69E+09,1.69E+09,43.8134,8.92512,84,3,43.4682,1.74E-09,1,1,35.178,-111.657,8.212,0.601883,-0.840627,137.764,0,0
7,4,148520230,1.69E+09,1.69E+09,42.2526,6.53298,85,1,42.4314,1.82E-09,1,1,35.178,-111.657,8.194,0.890211,-0.742064,136.266,0,0
7,4,148520230,1.69E+09,1.69E+09,42.3519,6.68394,85,2,42.4314,1.82E-09,1,1,35.178,-111.657,8.213,1.296,-0.00905085,134.787,0,0
7,4,148520230,1.69E+09,1.69E+09,42.6781,7.20537,85,3,42.4314,1.82E-09,1,1,35.178,-111.657,8.218,0.911838,-0.18114,135.456,0,0
7,4,148520230,1.69E+09,1.69E+09,51.4811,55.1527,86,1,50.8435,1.83E-09,1,1,35.178,-111.657,8.2,1.32917,-0.345316,162.565,0,0
7,4,148520230,1.69E+09,1.69E+09,50.8919,48.1555,86,2,50.8435,1.83E-09,1,1,35.178,-111.657,8.189,0.617895,0.596643,159.875,0,0
7,4,148520230,1.69E+09,1.69E+09,50.0375,39.5558,86,3,50.8435,1.83E-09,1,1,35.178,-111.657,8.232,-0.784522,0.196418,158.333,0,0
7,4,148520230,1.69E+09,1.69E+09,47.1458,48.0491,87,2,46.8792,4.34E-09,1,1,35.178,-111.657,8.168,0.283686,-0.0042868,158.228,0,0
7,4,148520230,1.69E+09,1.69E+09,47.2771,49.5237,87,3,46.8792,4.34E-09,1,1,35.178,-111.657,8.186,0.843917,0.37171,159.041,0,0
7,4,148520230,1.69E+09,1.69E+09,36.3518,47.0805,88,1,35.8322,5.10E-08,1,1,35.178,-111.657,8.178,0.944306,0.832224,158.078,0,0
7,4,148520230,1.69E+09,1.69E+09,35.7896,41.3644,88,2,35.8322,5.10E-08,1,1,35.178,-111.657,8.181,0.612577,0.521987,155.785,0,0
7,4,148520230,1.69E+09,1.69E+09,35.2902,36.8729,88,3,35.8322,5.10E-08,1,1,35.178,-111.657,8.168,0.130498,0.251678,156.409,0,0
7,4,148520230,1.69E+09,1.69E+09,50.1549,40.511,89,1,50.385,1.83E-09,1,1,35.178,-111.657,8.173,0.624116,0.0450924,155.789,0,0
7,4,148520230,1.69E+09,1.69E+09,50.1048,40.0467,89,2,50.385,1.83E-09,1,1,35.178,-111.657,8.134,1.26681,0.00998083,155.789,0,0
7,4,148520230,1.69E+09,1.69E+09,50.8542,47.5882,89,3,50.385,1.83E-09,1,1,35.178,-111.657,8.151,1.21916,-0.584983,157.182,0,0
7,4,148520230,1.69E+09,1.69E+09,50.941,47.5827,90,1,52.7518,1.79E-09,1,1,35.178,-111.657,8.183,0.597406,-0.176534,157.689,0,0
7,4,148520230,1.69E+09,1.69E+09,49.6196,35.1002,90,2,52.7518,1.79E-09,1,1,35.178,-111.657,8.179,0.477356,0.0587512,158.149,0,0
7,4,148520230,1.69E+09,1.69E+09,55.4348,133.914,90,3,52.7518,1.79E-09,1,1,35.178,-111.657,8.174,0.856875,0.948411,-174.224,0,0
7,4,148520230,1.69E+09,1.69E+09,55.117,129.513,91,1,55.4707,1.87E-09,1,1,35.178,-111.657,8.191,1.78196,0.99434,-179.551,0,0
7,4,148520230,1.69E+09,1.69E+09,55.4859,140.996,91,2,55.4707,1.87E-09,1,1,35.178,-111.657,8.219,0.20826,0.484561,179.956,0,0
7,4,148520230,1.69E+09,1.69E+09,55.7837,151.005,91,3,55.4707,1.87E-09,1,1,35.178,-111.657,8.207,0.536035,0.969956,-179.019,0,0
7,4,148520230,1.69E+09,1.69E+09,55.7063,140.786,92,1,55.5726,1.77E-09,1,1,35.178,-111.657,8.219,0.79158,0.921084,179.48,0,0
7,4,148520230,1.69E+09,1.69E+09,55.3946,131.036,92,2,55.5726,1.77E-09,1,1,35.178,-111.657,8.201,0.756604,0.794585,179.068,0,0
7,4,148520230,1.69E+09,1.69E+09,55.6111,137.735,92,3,55.5726,1.77E-09,1,1,35.178,-111.657,8.169,0.596476,0.48794,179.208,0,0
7,4,148520230,1.69E+09,1.69E+09,54.0535,147.949,93,2,53.8447,2.72E-09,1,1,35.178,-111.657,8.157,0.540175,0.17314,179.54,0,0
7,4,148520230,1.69E+09,1.69E+09,53.8745,141.976,93,3,53.8447,2.72E-09,1,1,35.178,-111.657,8.138,0.779381,0.214946,179.537,0,0
7,4,148520230,1.69E+09,1.69E+09,55.918,137.28,94,1,55.7268,1.64E-09,1,1,35.178,-111.657,8.143,0.874976,0.191031,179.478,0,0
7,4,148520230,1.69E+09,1.69E+09,55.7886,133.249,94,2,55.7268,1.64E-09,1,1,35.178,-111.657,8.176,0.556588,0.205271,-179.818,0,0
7,4,148520230,1.69E+09,1.69E+09,55.4613,123.578,94,3,55.7268,1.64E-09,1,1,35.178,-111.657,8.184,0.803524,0.326715,-179.693,0,0
7,4,148520230,1.69E+09,1.69E+09,-9999,0.000394687,95,1,19.581,1.85E-09,1,1,35.178,-111.657,8.198,1.14948,-0.376701,-156.89,0,0
7,4,148520230,1.69E+09,1.69E+09,-9999,0.00698963,95,2,19.581,3.27E-08,1,1,35.178,-111.657,8.187,0.948382,0.253961,-157.026,0,0
7,4,148520230,1.69E+09,1.69E+09,24.3522,232.649,95,3,19.581,3.98E-06,1,1,35.178,-111.657,8.19,1.15313,0.134581,-157.057,0,0
7,4,148520230,1.69E+09,1.69E+09,-9999,0.000425721,96,1,24.5291,1.99E-09,1,1,35.178,-111.657,8.183,0.962894,0.107886,-157.164,0,0
7,4,148520230,1.69E+09,1.69E+09,26.7069,224.149,96,2,24.5291,2.23E-06,1,1,35.178,-111.657,8.165,0.892632,0.124868,-158.833,0,0
7,4,148520230,1.69E+09,1.69E+09,25.8287,183.198,96,3,24.5291,2.23E-06,1,1,35.178,-111.657,8.172,1.3942,-0.234165,-158.487,0,0
7,4,148520230,1.69E+09,1.69E+09,56.636,186.462,97,1,57.2061,1.89E-09,1,1,35.178,-111.657,8.223,1.30107,-0.801179,-158.246,0,0
7,4,148520230,1.69E+09,1.69E+09,57.5177,228.433,97,2,57.2061,1.89E-09,1,1,35.178,-111.657,8.208,0.955575,-0.187808,-158.378,0,0
7,4,148520230,1.69E+09,1.69E+09,57.4123,222.957,97,3,57.2061,1.89E-09,1,1,35.178,-111.657,8.183,1.34793,-0.0157543,-159.372,0,0
11,35.177967,-111.65683,2124.48,,,,,,,,,,,,,,,,0,